variant,threads,patch_radius,search_radius,sigma,h,width,height,run,seconds,psnr,max_abs_diff
seq,1,3,10,25.0000,10.0000,512,512,0,6.657013,28.7746,
seq,1,3,10,25.0000,10.0000,512,512,1,6.711207,28.7746,
seq,1,3,10,25.0000,10.0000,512,512,2,6.666613,28.7746,
seq_simd,1,3,10,25.0000,10.0000,512,512,0,2.685640,28.7746,
seq_simd,1,3,10,25.0000,10.0000,512,512,1,2.658733,28.7746,
seq_simd,1,3,10,25.0000,10.0000,512,512,2,2.709292,28.7746,
integral,1,3,10,25.0000,10.0000,512,512,0,1.055367,28.7746,
integral,1,3,10,25.0000,10.0000,512,512,1,1.063351,28.7746,
integral,1,3,10,25.0000,10.0000,512,512,2,1.051213,28.7746,
pthreads,1,3,10,25.0000,10.0000,512,512,0,6.761550,28.7746,
pthreads,1,3,10,25.0000,10.0000,512,512,1,6.682106,28.7746,
pthreads,1,3,10,25.0000,10.0000,512,512,2,6.699174,28.7746,
pthreads,2,3,10,25.0000,10.0000,512,512,0,3.430022,28.7746,
pthreads,2,3,10,25.0000,10.0000,512,512,1,3.486165,28.7746,
pthreads,2,3,10,25.0000,10.0000,512,512,2,3.472681,28.7746,
pthreads,4,3,10,25.0000,10.0000,512,512,0,1.796708,28.7746,
pthreads,4,3,10,25.0000,10.0000,512,512,1,1.980552,28.7746,
pthreads,4,3,10,25.0000,10.0000,512,512,2,2.087189,28.7746,
pthreads,6,3,10,25.0000,10.0000,512,512,0,1.526968,28.7746,
pthreads,6,3,10,25.0000,10.0000,512,512,1,1.506686,28.7746,
pthreads,6,3,10,25.0000,10.0000,512,512,2,1.521960,28.7746,
pthreads,8,3,10,25.0000,10.0000,512,512,0,1.226189,28.7746,
pthreads,8,3,10,25.0000,10.0000,512,512,1,1.206877,28.7746,
pthreads,8,3,10,25.0000,10.0000,512,512,2,1.190259,28.7746,
pthreads,10,3,10,25.0000,10.0000,512,512,0,1.249466,28.7746,
pthreads,10,3,10,25.0000,10.0000,512,512,1,1.277670,28.7746,
pthreads,10,3,10,25.0000,10.0000,512,512,2,1.251888,28.7746,
pthreads,12,3,10,25.0000,10.0000,512,512,0,1.124294,28.7746,
pthreads,12,3,10,25.0000,10.0000,512,512,1,1.105201,28.7746,
pthreads,12,3,10,25.0000,10.0000,512,512,2,1.115097,28.7746,
pthreads,14,3,10,25.0000,10.0000,512,512,0,1.074423,28.7746,
pthreads,14,3,10,25.0000,10.0000,512,512,1,1.066119,28.7746,
pthreads,14,3,10,25.0000,10.0000,512,512,2,1.061747,28.7746,
pthreads,16,3,10,25.0000,10.0000,512,512,0,1.023681,28.7746,
pthreads,16,3,10,25.0000,10.0000,512,512,1,1.030509,28.7746,
pthreads,16,3,10,25.0000,10.0000,512,512,2,1.143979,28.7746,
pthreads_simd,1,3,10,25.0000,10.0000,512,512,0,2.748361,28.7746,
pthreads_simd,1,3,10,25.0000,10.0000,512,512,1,2.711171,28.7746,
pthreads_simd,1,3,10,25.0000,10.0000,512,512,2,2.709979,28.7746,
pthreads_simd,2,3,10,25.0000,10.0000,512,512,0,1.476743,28.7746,
pthreads_simd,2,3,10,25.0000,10.0000,512,512,1,1.483892,28.7746,
pthreads_simd,2,3,10,25.0000,10.0000,512,512,2,1.480877,28.7746,
pthreads_simd,4,3,10,25.0000,10.0000,512,512,0,0.893484,28.7746,
pthreads_simd,4,3,10,25.0000,10.0000,512,512,1,0.888496,28.7746,
pthreads_simd,4,3,10,25.0000,10.0000,512,512,2,0.883560,28.7746,
pthreads_simd,6,3,10,25.0000,10.0000,512,512,0,0.654393,28.7746,
pthreads_simd,6,3,10,25.0000,10.0000,512,512,1,0.663418,28.7746,
pthreads_simd,6,3,10,25.0000,10.0000,512,512,2,0.660625,28.7746,
pthreads_simd,8,3,10,25.0000,10.0000,512,512,0,0.556638,28.7746,
pthreads_simd,8,3,10,25.0000,10.0000,512,512,1,0.549775,28.7746,
pthreads_simd,8,3,10,25.0000,10.0000,512,512,2,0.568367,28.7746,
pthreads_simd,10,3,10,25.0000,10.0000,512,512,0,0.594429,28.7746,
pthreads_simd,10,3,10,25.0000,10.0000,512,512,1,0.569832,28.7746,
pthreads_simd,10,3,10,25.0000,10.0000,512,512,2,0.568635,28.7746,
pthreads_simd,12,3,10,25.0000,10.0000,512,512,0,0.470826,28.7746,
pthreads_simd,12,3,10,25.0000,10.0000,512,512,1,0.488731,28.7746,
pthreads_simd,12,3,10,25.0000,10.0000,512,512,2,0.479556,28.7746,
pthreads_simd,14,3,10,25.0000,10.0000,512,512,0,0.450201,28.7746,
pthreads_simd,14,3,10,25.0000,10.0000,512,512,1,0.455429,28.7746,
pthreads_simd,14,3,10,25.0000,10.0000,512,512,2,0.450247,28.7746,
pthreads_simd,16,3,10,25.0000,10.0000,512,512,0,0.418365,28.7746,
pthreads_simd,16,3,10,25.0000,10.0000,512,512,1,0.417442,28.7746,
pthreads_simd,16,3,10,25.0000,10.0000,512,512,2,0.418841,28.7746,
integral_thr,1,3,10,25.0000,10.0000,512,512,0,1.058538,28.7746,
integral_thr,1,3,10,25.0000,10.0000,512,512,1,1.027561,28.7746,
integral_thr,1,3,10,25.0000,10.0000,512,512,2,1.088124,28.7746,
integral_thr,2,3,10,25.0000,10.0000,512,512,0,0.557382,28.7746,
integral_thr,2,3,10,25.0000,10.0000,512,512,1,0.574722,28.7746,
integral_thr,2,3,10,25.0000,10.0000,512,512,2,0.572684,28.7746,
integral_thr,4,3,10,25.0000,10.0000,512,512,0,0.305576,28.7746,
integral_thr,4,3,10,25.0000,10.0000,512,512,1,0.303431,28.7746,
integral_thr,4,3,10,25.0000,10.0000,512,512,2,0.308297,28.7746,
integral_thr,6,3,10,25.0000,10.0000,512,512,0,0.220790,28.7746,
integral_thr,6,3,10,25.0000,10.0000,512,512,1,0.222043,28.7746,
integral_thr,6,3,10,25.0000,10.0000,512,512,2,0.222791,28.7746,
integral_thr,8,3,10,25.0000,10.0000,512,512,0,0.185725,28.7746,
integral_thr,8,3,10,25.0000,10.0000,512,512,1,0.210648,28.7746,
integral_thr,8,3,10,25.0000,10.0000,512,512,2,0.213795,28.7746,
integral_thr,10,3,10,25.0000,10.0000,512,512,0,0.239263,28.7746,
integral_thr,10,3,10,25.0000,10.0000,512,512,1,0.232854,28.7746,
integral_thr,10,3,10,25.0000,10.0000,512,512,2,0.234412,28.7746,
integral_thr,12,3,10,25.0000,10.0000,512,512,0,0.206707,28.7746,
integral_thr,12,3,10,25.0000,10.0000,512,512,1,0.210068,28.7746,
integral_thr,12,3,10,25.0000,10.0000,512,512,2,0.209533,28.7746,
integral_thr,14,3,10,25.0000,10.0000,512,512,0,0.187235,28.7746,
integral_thr,14,3,10,25.0000,10.0000,512,512,1,0.194634,28.7746,
integral_thr,14,3,10,25.0000,10.0000,512,512,2,0.194243,28.7746,
integral_thr,16,3,10,25.0000,10.0000,512,512,0,0.172530,28.7746,
integral_thr,16,3,10,25.0000,10.0000,512,512,1,0.181368,28.7746,
integral_thr,16,3,10,25.0000,10.0000,512,512,2,0.179068,28.7746,
seq,1,1,10,25.0000,10.0000,256,256,0,0.867165,30.6659,
integral,1,1,10,25.0000,10.0000,256,256,0,0.265114,30.6659,
seq,1,2,10,25.0000,10.0000,256,256,0,0.950676,31.2661,
integral,1,2,10,25.0000,10.0000,256,256,0,0.267358,31.2661,
seq,1,3,10,25.0000,10.0000,256,256,0,1.717777,31.2467,
integral,1,3,10,25.0000,10.0000,256,256,0,0.270189,31.2467,
seq,1,4,10,25.0000,10.0000,256,256,0,2.179770,31.2024,
integral,1,4,10,25.0000,10.0000,256,256,0,0.267345,31.2024,
seq,1,5,10,25.0000,10.0000,256,256,0,3.345930,31.1817,
integral,1,5,10,25.0000,10.0000,256,256,0,0.257373,31.1817,
seq,1,6,10,25.0000,10.0000,256,256,0,4.459298,31.1223,
integral,1,6,10,25.0000,10.0000,256,256,0,0.270838,31.1223,
seq,1,7,10,25.0000,10.0000,256,256,0,5.861088,31.0600,
integral,1,7,10,25.0000,10.0000,256,256,0,0.264490,31.0600,
